time_s,H_e,M_r
0.0,0.0,0.21033223863603867
2.0,-0.1526320757437738,0.3653350738929636
5.0,-0.415972221703642,0.6566866008289697
10.0,-0.7136195832553657,0.9220107275382528
